author,title,year,isbn,url
"Adams, Jennifer and Oliver, Alison",Little Master Baum: The Wonderful Wizard of Oz,2017,978-1-423637189,https://www.amazon.com/Little-Master-Baum-Wonderful-Jennifer/dp/B00QCKJBSY
"Adler, Mortimer J. and Van Doren, Charles",How to Read a Book: The Classic Guide to Intelligent Reading,1972,978-0-67121209-4,https://www.amazon.com/How-Read-Book-Classic-Intelligent/dp/0671212095
"Aesop and Daily, Don",The Classic Treasury of Aesop's Fables,2007,978-0-76242876-2,https://www.amazon.com/Classic-Treasury-Aesops-Fables/dp/0762428767
"Ahmad, Esther and Borlase, Craig",Defying Jihad: The Dramatic True Story of a Woman Who Volunteered to Kill Infidels--and Then Faced Death for Becoming One,2019,978-1-49642589-8,https://www.amazon.com/Defying-Jihad-Dramatic-Volunteered-Infidels/dp/1496425898
"Alexander, Heather and Hamilton, Meredith","A Child's Introduction to the World: Geography, Cultures, and People--From the Grand Canyon to the Great Wall of China (A Child's Introduction Series)",2010,978-1-57912832-6,https://www.amazon.com/Childs-Introduction-World-Geography-Cultures/dp/1579128327
Alexandre Dumas,A három testőr [E-KÖNYV],1961,,https://mek.oszk.hu/00300/00374/
Alexandre Dumas,Monte Cristo grófja,1963,,https://mek.oszk.hu/02000/02037/
Alfred Lansing,Endurance : Shackleton's incredible voyage,2008,9780786706211,https://search.worldcat.org/title/769344165
"Allen, Jennie and Marshall, Mike",I am Creator,2020,978-1-79233761-1,https://www.amazon.com/Theolaby-Story-Jennie-Allen-Book/dp/1792337612
"Allen, Jennie and Marshall, Mike",I am Forever,2020,978-1-79233761-1,https://www.amazon.com/Theolaby-Story-Jennie-Allen-Book/dp/1792337612
"Allen, Jennie and Marshall, Mike",I am Holy,2020,978-1-79233761-1,https://www.amazon.com/Theolaby-Story-Jennie-Allen-Book/dp/1792337612
"Allen, Jennie and Marshall, Mike",I am Rescuer,2020,978-1-79233761-1,https://www.amazon.com/Theolaby-Story-Jennie-Allen-Book/dp/1792337612
"Allen, Jennie and Marshall, Mike",I am with You,2020,978-1-79233761-1,https://www.amazon.com/Theolaby-Story-Jennie-Allen-Book/dp/1792337612
American Psychiatric Association,"Diagnostic and Statistical Manual of Mental Disorders, Text Revision Dsm-5-tr",2022,978-0-89042576-3,https://www.amazon.com/Diagnostic-Statistical-Disorders-Revision-Dsm-5-tr/dp/0890425760
"Andersen, Hans Christian and Hersholt, Jean Pierre and Mondschein, Ken",Hans Christian Andersen's Complete Fairy Tales (Leather-bound Classics),2014,978-1-62686099-5,https://www.amazon.com/Christian-Andersens-Complete-Leather-bound-Classics/dp/1626860998
"Asmus, Barry and Grudem, Wayne and Warren, Rick",The Poverty of Nations: A Sustainable Solution,2013,978-1-43353911-4,https://www.amazon.com/Poverty-Nations-Sustainable-Solution/dp/143353911X
"Assembly, Westminster",The Shorter Catechism with Scripture Proofs,1998,978-0-85151265-5,https://www.amazon.com/Shorter-Catechism-Scripture-Proofs/dp/0851512658
"Attia, Peter and Gifford, Bill",Outlive,2023,978-1-78504455-7,https://www.amazon.com/Outlive-Science-Art-Longevity/dp/1785044559
"Atwater, Richard and Atwater, Florence",Mr. Popper's Penguins (Newbery Honor Book),1992,978-0-31605843-8,https://www.amazon.com/Mr-Poppers-Penguins-Richard-Atwater/dp/0316058432
"Austen, Jane",Pride And Prejudice,2000,978-0-43910135-6,https://www.amazon.com/Pride-Prejudice-Dover-Thrift-Editions/dp/0486284735
"Authors, Various",Illustrated Classics for Children,2011,978-1-40953259-0,https://www.amazon.com/Illustrated-Classics-Children-Various-Authors/dp/1409532593
"Bahnsen, Greg L. and Booth, Robert R.",Always Ready: Directions for Defending the Faith,2018,978-0-69212418-5,https://www.amazon.com/Always-Ready-Directions-Defending-Faith/dp/0692124187
"Baldwin, James",Fifty Famous People,2020,978-1-92234812-8,https://www.amazon.com/Fifty-Famous-People-James-Baldwin/dp/1922348120
"Balogh, Zsolt and Kerékgyártó, Éva and Tárnoki, Judit and Técsi, Zoltán","Szívünk Hungarikumai – Our Beloved Hungarians – Unsere Beliebten Hungarica: A History of Hungary, Her People and Achievements",2009,978-963-967712-8,https://www.amazon.com/Sz%C3%ADv%C3%BCnk-Hungarikumai-Hungarians-Beliebten-Achievements/dp/9639677124
"Bartos, Erika",Anna és Peti: Kistestvér érkezik,2006,9789633700174,https://www.jateknet.hu/bartos-erika-anna-es-peti-kistestver-erkezik-27565
"Bartos, Erika","Anna, Peti és Gergő: Nagycsalád lettünk!",2007,9789731652320,https://www.libri.hu/konyv/sally_lloyd-jones.jezus-meseskonyve-a-biblia--2.html
"Bartos, Erika","Bogyó és Babóca világot lát - Tengeri kaland, Űrutazás",2022,9786156494146,https://www.libri.hu/konyv/bartos_erika.bogyo-es-baboca-vilagot-lat.html
"Benedek, Elek",Gyémánt mesekönyv,2019,9789635090136,https://www.scolar.hu/gyemant_mesekonyv_2347
"Bennett, Arthur",The Valley of Vision: A Collection of Puritan Prayers & Devotions,1988,978-0-85151228-0,https://www.amazon.com/Valley-Vision-Collection-Puritan-Devotions/dp/0851512283
"Berenstain, Stan and Berenstain, Jan",The Berenstain Bears Learn to Share,1992,978-0-30723174-7,https://www.amazon.com/Berenstain-Bears-Learn-Living-Lights/dp/0310719399
"Bernáth, Józsefné",Verses ABC,2012,9789639812635,https://www.libri.hu/konyv/bernath_jozsefne.verses-abc-1.html
"Berry, Wendell and Kingsnorth, Paul",The World-Ending Fire: The Essential Wendell Berry,2019,978-1-64009197-9,https://www.amazon.com/World-Ending-Fire-Essential-Wendell-Berry/dp/1640091971
Beth Robinson EdD and Latayne C. Scott PhD,Protecting Your Child from Predators: How to Recognize and Respond to Sexual Danger,2019,978-0-76423333-3,https://www.amazon.com/Protecting-Your-Child-Predators-Recognize/dp/0764233335
"Blomberg, Craig L.","Neither Poverty nor Riches: A Biblical Theology of Possessions (New Studies in Biblical Theology, Volume 7)",2000,978-0-83082607-0,https://www.amazon.com/Neither-Poverty-nor-Riches-Possessions/dp/0830826076
"Blue, Ron and White, Jeremy",Splitting Heirs: Giving Your Money and Things to Your Children Without Ruining Their Lives,2008,978-0-80241376-5,https://www.amazon.com/Splitting-Heirs-Children-Without-Ruining/dp/0802413765
"Boden, Leah and Arment, Ainsley",Modern Miss Mason: Discover How Charlotte Mason's Revolutionary Ideas on Home Education Can Change How You and Your Children Learn and Grow Together,2023,978-1-49645852-0,https://www.amazon.com/Modern-Miss-Mason-Charlotte-Revolutionary/dp/1496458524
"Bonhoeffer, Dietrich",Life Together: The Classic Exploration of Christian in Community,1978,978-0-06060852-1,https://www.amazon.com/Life-Together-Exploration-Christian-Community/dp/0060608528
"Bonhoeffer, Dietrich",The Cost of Discipleship,1995,978-0-68481500-8,https://openlibrary.org/books/OL789792M/The_cost_of_discipleship
"Books, Golden and Laite, Gordon",The Blue Book of Fairy Tales (Little Golden Book),2013,,https://www.amazon.com/Blue-Fairy-Tales-Little-Golden-ebook/dp/B00B6OVR3I
"Books, Parragon and Press, Cottage Door",A Collection of Stories for 4 Year Olds,2018,978-1-68052417-8,https://www.amazon.com/Collection-Stories-Year-Olds/dp/1680524178
"Boon, Fiona",My ABC of God Loves Me,2013,978-1-78235274-7,https://www.amazon.com/My-ABC-God-Loves-Me/dp/1782352740
"Bridges, John and Curtis, Bryan","A Gentleman At The Table: A Concise, Contemporary Guide To Table Manners",2004,978-1-40160176-8,https://www.amazon.com/Gentleman-Table-Concise-Contemporary-Gentlemanners/dp/B000CC490S
"Bromiley, Geoffrey W.",Children of Promise: The Case for Baptizing Infants,1979,978-0-80281797-1,https://www.amazon.com/Children-Promise-Case-Baptizing-Infants/dp/0802817971
"Brontë, Emily and Nestor, Pauline and Miller, Lucasta",Wuthering Heights (Penguin Classics),2002,978-0-14143955-6,https://www.amazon.com/Wuthering-Heights-Penguin-Classics-Bront%C3%AB/dp/0141439556
"Brouwer, Sigmund and Hartung, Susan Kathleen",The Little Spider,2001,978-0-84233918-6,https://www.amazon.com/Little-Spider-Sigmund-Brouwer/dp/0842339183
"Burton, Virginia Lee",Mike Mulligan and His Steam Shovel 75th Anniversary,2014,978-0-54427992-6,https://www.amazon.com/Mike-Mulligan-Steam-Shovel-Anniversary/dp/0544279921
"Bynghall, Steve and Disney and Pixar",God Is All-Good,2015,9786155591020,https://konyvudvar.net/disney-pixar-dino-teso-kepes-kalauz.html
"Calvin, John",Institutes of the Christian Religion,2008,978-1-59856168-5,https://www.amazon.com/Institutes-Christian-Religion-John-Calvin/dp/1598561685
"Calvin, John and White, Robert",The Institutes of the Christian Religion,2014,978-1-84871463-2,https://www.amazon.com/Institutes-Christian-Religion-John-Calvin/dp/1848714637
"Cariello, Sergio",The Action Bible: God's Redemptive Story (Action Bible Series),2020,978-0-83077744-0,https://www.amazon.com/The-Action-Bible/dp/083077744X
"Carle, Eric",The Very Hungry Caterpillar,1994,978-0-39922690-8,https://www.amazon.com/Very-Hungry-Caterpillar-Eric-Carle/dp/0399226907
"Carnegie, Dale",How to Win Friends & Influence People (Dale Carnegie Books),1982,0-67172365-0,https://search.worldcat.org/title/8820979
"Carr, Nicholas",The Shallows: What the Internet Is Doing to Our Brains,2011,978-0-393-33975-8,https://openlibrary.org/books/OL25292375M/The_Shallows
"Carswell, Roger","Grill A Christian: Answers to Tough Questions About Christianity, God and the Bible",2011,978-1-90617311-1,https://www.amazon.com/Grill-Christian-Answers-Questions-Christianity/dp/1906173117
"Chapman, Gary",A szeretet mint életforma,2011,9789632880631,https://www.harmat.hu/uzlet/a-szeretet-mint-eletforma/
"Chapman, Gary",Anger: Taming a Powerful Emotion,2015,978-0-80241314-7,https://www.amazon.com/Anger-Powerful-Emotion-Gary-Chapman/dp/0802413145
"Chesterton, G. K.",St. Francis of Assisi,1990,979-038502900-4,https://www.amazon.com/St-Francis-Assisi-G-K-Chesterton/dp/B08H6TJWHK
"Childers, Alisa and Strobel, Lee",Another Gospel?: A Lifelong Christian Seeks Truth in Response to Progressive Christianity,2020,978-1-49644173-7,https://www.amazon.com/Another-Gospel-Christian-Progressive-Christianity/dp/1496441737
"Chilton, David",Productive Christians in an Age of Guilt Manipulators: A Biblical Response to Ronald J. Sider,1985,978-0-93046404-2,https://www.amazon.com/Productive-Christians-Age-Guilt-Manipulators/dp/0930464044
Chris Wright Ph.D.,Dr. Wright's Kitchen Table Math: Book 1,2011,978-0-98292112-8,https://www.amazon.com/Dr-Wrights-Kitchen-Table-Math/dp/0982921128
Christian Tielmann and Niklas Böwer,Szirénázó járművek,2022,9789634039334,
Christian Tielmann and Sabine Kraushaar,Berci a doktor bácsinál,2022,9789634032496,
Christian Tielmann and Sabine Kraushaar,Berci az építkezésen,2022,9789634038825,
Clare Goodwin,Getting Pregnant with PCOS: An evidence-based approach to treat the root causes of polycystic ovary syndrome and boost your fertility,2020,978-0-47353860-6,https://www.amazon.com/Getting-Pregnant-PCOS-evidence-based-polycystic/dp/0473538601
"Clark, Stephen B.",Man and Woman in Christ: An Examination of the Roles of Men and Women in Light of Scripture and the Social Sciences,2021,978-1-94001730-3,https://www.amazon.com/Man-Woman-Christ-Examination-Scripture/dp/1940017300
"Clarkson, Clay",Heartfelt Discipline: Following God's Path of Life to the Heart of Your Child,2014,978-1-88869223-5,https://www.amazon.com/Heartfelt-Discipline-Following-Heart-Child/dp/1888692235
"Clarkson, Clay and Clarkson, Sally",Educating the Wholehearted Child,2019,978-1-88869232-7,https://www.amazon.com/Educating-Wholehearted-Child-Clay-Clarkson/dp/1888692324
"Clarkson, Joel","Sensing God: Experiencing the Divine in Nature, Food, Music, and Beauty",2021,978-1-64158208-7,https://www.amazon.com/Sensing-God-Experiencing-Divine-Nature/dp/1641582081
"Clarkson, Sally",Teatime Discipleship: Sharing Faith One Cup at a Time,2023,978-0-73698542-0,https://www.amazon.com/Teatime-Discipleship-Sharing-Faith-Time/dp/0736985425
"Cloud, Henry and Townsend, John",Boundaries with Kids: How Healthy Choices Grow Healthy Children,2001,978-0-31024315-1,https://www.amazon.com/Boundaries-Kids-Children-Control-Their/dp/0310243157
"Collins, Sarah Jean",God Made the Ocean,2019,978-1-49643633-7,https://www.amazon.com/God-Made-Ocean/dp/1496436334
"Copan, Paul",Is God a Moral Monster?: Making Sense of the Old Testament God,2011,978-0-80107275-8,https://www.amazon.com/God-Moral-Monster-Making-Testament/dp/0801072751
"Covey, Stephen R.",Principle-Centered Leadership,1992,978-0-67179280-0,https://www.amazon.com/Principle-Centered-Leadership-Stephen-R-Covey/dp/145589348X
"Craig, William Lane","Értelmes hit: Kozmológiai, filozófiai és történelmi érvek Isten létezése és Jézus feltámadása mellett",2021,978-6-15800265-3,https://www.clchungary.com/termek/értelmes-hit-william-lane-craig-pünkösdi-teológiai-főiskola-9786158002653
"Craig, William Lane and Strobel, Lee",On Guard: Defending Your Faith with Reason and Precision,2010,978-1-43476488-1,https://www.amazon.com/Guard-Defending-Faith-Reason-Precision/dp/1434764885
"Dairyko, Mary Ellen et al.",Everyday Mathematics: My Reference Book,2014,978-0-02138351-1,https://www.amazon.com/Everyday-Mathematics-My-Reference-Book/dp/0021383510
"Davidson, Lauren","The Backyard Bug Book for Kids: Storybook, Insect Facts, and Activities (Let's Learn About Bugs and Animals)",2019,978-1-64152525-1,https://www.amazon.com/Backyard-Bug-Book-Kids-Activities/dp/1641525258
"DeYoung, Kevin and Clark, Don",The Biggest Story Bible Storybook,2022,978-1-43355737-8,https://www.amazon.com/Biggest-Story-Bible-Storybook/dp/1433557371
"Denise, Christopher",Knight Owl,2022,978-0-31631062-8,https://www.amazon.com/Knight-Owl-Christopher-Denise/dp/031631062X
"Dewdney, Anna",Llama Llama Red Pajama,2015,978-0-45147457-5,https://www.amazon.com/Llama-Red-Pajama-Anna-Dewdney/dp/0451474570
"Dickens, Charles and Gates, David",David Copperfield (Modern Library Classics),2000,978-0-67978341-1,https://www.amazon.com/David-Copperfield-Modern-Library-Classics/dp/0679783415
Disney,Disney - Karácsonyi mesegyűjtemény,2023,9789634377566,
"Disney, Walt",Hófehérke és a hét törpe - Klasszikus Walt Disney Mesék,1988,9636271259,https://www.vatera.hu/hofeherke-es-a-het-torpe-klasszikus-walt-disney-mesek-konyv-3210509558.html
"Dobson, James C.",Bringing Up Boys: Practical Advice and Encouragement for Those Shaping the Next Generation of Men,2001,978-0-84235266-6,https://www.amazon.com/Bringing-Boys-Practical-Encouragement-Generation/dp/084235266X
"Dostoevsky, Fyodor",Crime and Punishment,2009,9781587265990,https://openlibrary.org/books/OL8823737M/Crime_and_Punishment_(Borders_Classics)
Dr. Craig,God Is All-Good,2013,978-1-48399745-2,https://www.amazon.com/God-All-Good-What-Like/dp/1483997456/
Dr. Craig,God Is All-Knowing,2013,978-1-48237580-0,https://www.amazon.com/God-All-Knowing-Dr-Craig/dp/148237580X/
Dr. Craig,God Is All-Loving,2013,978-1-48483512-8,https://www.amazon.com/God-All-Loving-What-Like/dp/1484835123
Dr. Craig,God Is All-Powerful,2013,978-1-48237595-4,https://www.amazon.com/God-All-Powerful-Dr-Craig/dp/1482375958
Dr. Craig,God Is Everywhere,2012,978-1-48003789-2,https://www.amazon.com/God-Everywhere-2-Dr-Craig/dp/1480037893
Dr. Craig,God Is Forever,2012,978-1-48003800-4,https://www.amazon.com/God-Forever-Dr-Craig/dp/1480038008
Dr. Craig,God Is Self-Sufficient,2012,978-1-48008217-5,https://www.amazon.com/God-Self-Sufficient-Dr-Craig/dp/1480082171
Dr. Craig,God Is Spirit,2012,978-1-48003762-5,https://www.amazon.com/God-Spirit-Dr-Craig/dp/1480037621
Dr. Craig,God Is Three Persons,2012,978-1-48019987-3,https://www.amazon.com/God-Three-Persons-Dr-Craig/dp/1480199877
Dr. Craig,The Greatness of God,2013,978-1-48483517-3,https://www.amazon.com/Greatness-God-What-Like-10/dp/1484835174
Dr. Seuss,Yertle the Turtle and Other Stories,1958,978-0-39480087-5,https://www.amazon.com/Yertle-Turtle-Other-Stories-Seuss/dp/0394800877
"Dreher, Rod",Live Not by Lies: A Manual for Christian Dissidents,2020,978-0-59308739-8,https://www.amazon.com/Live-Not-Lies-Christian-Dissidents/dp/0593087399
"Driscoll, Grace and Driscoll, Mark","Real Marriage: The Truth About Sex, Friendship, and Life Together",2012,978-1-404183520,https://www.amazon.com/Real-Marriage-Truth-Friendship-Together/dp/1400205387
"Durbin, Kara",Parenting with Scripture: A Topical Guide for Teachable Moments,2012,978-0-80240849-5,https://www.amazon.com/Parenting-Scripture-Topical-Teachable-Moments/dp/0802408494
"Earley, Justin Whitmel and Simons, Troy and Ruth",Habits of the Household: Practicing the Story of God in Everyday Family Rhythms,2021,978-0-31036293-7,https://www.amazon.com/Habits-Household-Practicing-Everyday-Rhythms/dp/0310362938
"Echeverri, Catalina; Mitchell, Alison",A karácsonyi ígéret,2021,9789635584598,9789635584598
Edward Gibbon,The decline and fall of the Roman Empire (Volume I),,,https://search.worldcat.org/title/615075210
Edward Gibbon,The decline and fall of the Roman Empire (Volume II),,,https://search.worldcat.org/title/615075210
Edward Gibbon,The decline and fall of the Roman Empire (Volume III),,,https://search.worldcat.org/title/615075210
"Elliot, Elisabeth",God's Guidance: A Slow and Certain Light with Study Guide,1997,978-0-80075613-0,https://www.amazon.com/Gods-Guidance-Certain-Light-Study/dp/0800756134
"Engel, S. Morris",With Good Reason: An Introduction to Informal Fallacies,1999,978-0-31215758-6,https://www.amazon.com/Good-Reason-Introduction-Informal-Fallacies/dp/1457695952
"Enns, Paul and MacArthur, John",The Moody Handbook of Theology,2014,978-0-80241198-3,https://www.amazon.com/Moody-Handbook-Theology-Paul-Enns/dp/0802411983
"Erickson, Scott and Nichols, Morgan Harper","Honest Advent: Awakening to the Wonder of God-with-Us Then, Here, and Now",2020,978-0-31036187-9,https://www.amazon.com/Honest-Advent-Awakening-God-Us/dp/0310361877
"Erne, Andrea",A hegyekben,2012,9789632443270,https://www.scolar.hu/a_hegyekben_1195
"Erne, Andrea",Formák és ellentétek,2011,9789632442495,https://www.scolar.hu/formak_es_ellentetek_1182
"Eusebius and Maier, Paul L.",Eusebius: The Church History,2007,978-0-82543307-8,https://www.amazon.com/Eusebius-Church-History/dp/082543307X
"Farkas Jánosné, Zsóka néni",Fehérke,2015,978-963-9209-60-2,https://www.konyves.hu/termek/feherke/
"Fatio, Louise",The Happy Lion (50TH ANNIVERSARY),1982,B000P2ZXRI,https://www.amazon.com/Happy-Lion-50TH-ANNIVERSARY/dp/B000P2ZXRI
"Fikkert, Brian and Kapic, Kelly M.",A Field Guide to Becoming Whole: Principles for Poverty Alleviation Ministries,2019,978-0-80241946-0,https://www.amazon.com/Field-Guide-Becoming-Whole-Alleviation/dp/0802419461
"Finn, Carrie Lynn and Lensch, Chris",Manners at the Table (Way To Be!: Manners),2007,978-1-40483553-5,https://www.amazon.com/Manners-Table-Way-Be/dp/1404835539
"Foster, Michael and Tennant, Dominic Bnonn",It's Good to Be a Man: A Handbook for Godly Masculinity,2021,978-1-95488705-3,https://www.amazon.com/Its-Good-Be-Man-Masculinity/dp/1954887051
"Foster, Richard J.",Celebration of Discipline: The Path to Spiritual Growth,1998,978-0-06062839-0,https://www.amazon.com/Celebration-Discipline-path-Spiritual-Growth/dp/0060628391
"Foxe, John and Chadwick, Harold J.",Foxe's Book of Martyrs (Pure Gold Classics),2001,978-0-88270875-1,https://www.amazon.com/Foxes-Book-Martyrs-Pure-Classics/dp/0882708759
"Fraser, John R.",The Growing Disciple: Seven Attributes of a Transformed Life,2019,978-1-70010454-0,https://www.amazon.com/Growing-Disciple-Seven-Attributes-Transformed/dp/1700104543
"Freeman, Don",A Pocket for Corduroy,2015,978-0-45147113-0,https://www.amazon.com/Pocket-Corduroy-Don-Freeman/dp/045147113X
"Friends, Joni and and Mahoney, Trish and Tada, Joni Eareckson",God Made Me Unique: Helping Children See Value in Every Person,2019,978-1-94813070-7,https://www.amazon.com/God-Made-Me-Unique-Children/dp/194813070X
"Fésűs, Éva",Az ​ezüst hegedű,2009,9789633615744,https://moly.hu/konyvek/fesus-eva-az-ezust-hegedu
GCP,First Catechism: Teaching Children Bible Truths,2003,978-0-93468868-0,https://www.amazon.com/Catechism-Young-Children-Introduction-Shorter/dp/0934688680
Gabor Mate,When the Body Says No: Exploring the Stress-Disease Connection,2011,978-1-63026256-3,https://www.amazon.com/When-Body-Says-Understanding-Stress-Disease/dp/1630262560
Gallup,"Now, Discover Your Strengths: The revolutionary Gallup program that shows you how to develop your unique talents and strengths",2020,978-0-74320114-8,https://www.amazon.com/Discover-Your-Strengths-Marcus-Buckingham/dp/0743201140
"Galvin, Laura Gates and Publishing, Kidsbooks and Guile, Gill",We Are Twins-Celebrate the Special Relationship of Twins in this Sweet Rhyming Story (Tender Moments),2021,978-1-62885821-1,https://www.amazon.com/Twins-Celebrate-Special-Relationship-Rhyming-Moments/dp/1628858214
"Garrison, Holly",The Periyali Cookbook,1992,978-0-67940385-2,https://www.amazon.com/Periyali-Cookbook-Holly-Garrison/dp/067940385X
"Gaál, Éva",Eltévedt méhecske,2019,9786155446078,https://goodnews.hu/gaal-eva-eltevedt-mehecske
"Gaál, Éva",Magocska,2013,978-963-9390-95-9,https://www.12kosar.hu/magocska-gaal-eva
"Gernhäuser, Susanne","Keress, találj, mesélj! Legkedvesebb böngészőképeim",2019,9789632444741,https://www.scolar.hu/keress_talalj_meselj_legkedvesebb_bongeszokepeim_2291
"Goleman, Daniel",Emotional Intelligence: Why It Can Matter More than IQ,1995,978-0-55309503-6,https://www.amazon.com/Emotional-Intelligence-Matter-More-than/dp/055309503X
"Greene, Robert",The 48 Laws of Power,2000,978-0-14028019-7,https://www.amazon.com/48-Laws-Power-Robert-Greene/dp/0140280197
Grethe Fagerström and Gunilla Hansson,"Peti, Ida és Picuri",2017,9789634156741,https://mora.hu/konyv/peti-ida-es-picuri
"Grudem, Wayne",Christian Ethics: An Introduction to Biblical Moral Reasoning,2018,978-1-43354965-6,https://www.amazon.com/Christian-Ethics-Introduction-Biblical-Reasoning/dp/1433549654
"Grudem, Wayne A.","Systematic Theology, Second Edition: An Introduction to Biblical Doctrine",2020,978-0-27484047-2,https://www.amazon.com/Systematic-Theology-Second-Introduction-Biblical/dp/0310517974
"Gréban, Quentin",Lili ajándéka,2016,9789633411858,https://www.libri.hu/konyv/quentin_greban.lili-ajandeka.html
"Guinness, Os",The Call: Finding and Fulfilling God's Purpose For Your Life,2018,978-0-78522007-7,https://www.amazon.com/Call-Finding-Fulfilling-Gods-Purpose/dp/0785220070
"Habermas, Gary R. and Licona, Michael",The Case for the Resurrection of Jesus,2004,978-0-82542788-6,https://www.amazon.com/Case-Resurrection-Jesus-Gary-Habermas/dp/0825427886
"Hamburg, Péter",Matematikai játékok,1958,,https://www.amazon.com/Strong-Mothers-Sons-Lessons-Extraordinary/dp/0345518101
"Hartman, Bob",Mesélő Biblia,2008,9789639564909,https://www.amazon.com/Collection-Stories-Year-Olds/dp/1680524178
"Helm, David R.",The Big Picture Family Devotional,2014,978-1-43354225-1,https://www.amazon.com/Big-Picture-Family-Devotional/dp/1433542250
"Helm, David R. and Schoonmaker, Gail",The Big Picture Story Bible (Redesign),2014,978-1-43354311-1,https://www.amazon.com/Big-Picture-Story-Bible-Redesign/dp/1433543117
"Hendricks, Howard G. and Hendricks, William D.",Living By The Book,1991,978-0-80240743-6,https://www.amazon.com/Living-Book-Howard-G-Hendricks/dp/0802407439
"Hendricks, Howard G. and Hendricks, William D.",Living By the Book Workbook: The Art and Science of Reading the Bible,2007,978-0-80249538-9,https://www.amazon.com/Living-Book-Workbook-Science-Reading/dp/0802495389
"Herman, Edward S. and Chomsky, Noam",Manufacturing Consent: The Political Economy of the Mass Media,2002,978-0-37571449-8,https://www.amazon.com/Manufacturing-Consent-Political-Economy-Media/dp/0375714499
"Herriot, James and Brown, Ruth and Barrett, Peter",James Herriot's Treasury for Children: Warm and Joyful Tales by the Author of All Creatures Great and Small,2014,978-1-25005813-3,https://www.amazon.com/James-Herriots-Treasury-Children-Creatures/dp/1250058139
"Holcomb, Justin S. and Holcomb, Lindsey A. and Mahoney, Trish",God Made All of Me: A Book to Help Children Protect Their Bodies,2015,978-1-94257230-5,https://www.amazon.com/God-Made-All-Me-Children/dp/1942572301
"Holzmann, John","I Can Read It!: Sonlight Curriculum Phonics: An Easy To Use, Comprehensive Phonics-Based Reading Program",1999,963-379-623-7,https://www.antikvarium.hu/konyv/kormos-istvan-mese-vackorrol-egy-pisze-kolyokmackorol-393512
"Homer and Rouse, W. H. D. and Steiner, Deborah and Nicolson, Adam",The Odyssey,2015,978-0-45147433-9,https://www.amazon.com/Odyssey-Signet-Classics-Homer/dp/0451474333
Homérosz,Iliász [E-KÖNYV],1994,,https://mek.oszk.hu/00400/00406/
"Horstman, Mark",Az eredményes kiválasztás kézikönyve,2022,9786158206631,https://www.libri.hu/konyv/mark_horstman.az-eredmenyes-kivalasztas-kezikonyve.html
"Horstman, Mark",Az eredményes menedzser,2022,9786150095905,https://www.libri.hu/konyv/mark_horstman.az-eredmenyes-menedzser.html
"Horvát, Gábor",Kobaltföveny,2021,978-615-01-0488-1,
"Horvát, Gábor",Kulákkönnyek,2016,,
"Horvát, Gábor",Lélekdrog,2016,978-963-12-5007-7,
"Horvát, Gábor",Lőporfelleg,2023,978-615-01-8228-5,
"Horvát, Gábor",Vályogbölcselet,2017,978-963-12-9178-0,
"Horvát, Gábor",Végzetcsárdás,2018,978-615-00-3676-2,
"Huff, Darrell and Geis, Irving",How to Lie with Statistics,1993,978-0-39331072-6,https://www.amazon.com/How-Lie-Statistics-Darrell-Huff/dp/0393310728
"Hughes, Shirley",Big Alfie Out of Doors Storybook,1992,978-0-68811428-2,https://www.amazon.com/Big-Alfie-Out-Doors-Storybook/dp/0688114288
"Huizinga, Johan",The Waning of the Middle Ages,1999,978-0-48640443-9,https://www.amazon.com/Waning-Middle-Ages-Johan-Huizinga/dp/0486404439
"Huxley, Aldous",Brave New World,2006,978-0-06085052-4,https://www.amazon.com/Brave-New-World-Aldous-Huxley/dp/0060850523
"Irving M. Copi, Carl Cohen",Introduction to Logic,2019,978-0-36737623-9,https://www.amazon.com/Introduction-Logic-Carl-Cohen-Irving/dp/0367376237
"Jefferson, Thomas","The Constitution of the United States of America, with the Bill of Rights and All of the Amendments; The Declaration of Independence; And the Articles",2018,978-1-51543683-6,https://www.amazon.com/Constitution-Amendments-Declaration-Independence-Articles/dp/1515436837
"Jensen, Emily and Wifler, Laura",Risen Motherhood: Gospel Hope for Everyday Moments,2019,978-0-73697622-0,https://www.amazon.com/Risen-Motherhood-Gospel-Everyday-Moments/dp/0736976221
"Jeunesse, Bayard",Kisgombos-mesegyűjtemény,2017,9786158056915,https://www.libri.hu/konyv/kisgombos-mesegyujtemeny.html
Johann Wyss,The Swiss Family Robinson (Great Illustrated Classics),1990,978-0-86611962-7,https://www.amazon.com/Swiss-Family-Robinson-Illustrated-Classics/dp/0866119620
John E. Sarno,Healing Back Pain: The Mind-Body Connection,1991,978-0-44639230-3,https://www.amazon.com/Healing-Back-Pain-Mind-Body-Connection/dp/0446557684
"Johnson, C. Neal and Rundle, Steven",Business as Mission: A Comprehensive Guide to Theory and Practice,2009,978-0-83083865-3,https://www.amazon.com/Business-Mission-Comprehensive-Theory-Practice/dp/0830838651
"Johnson, Crockett",The Adventures of Harold and the Purple Crayon,1987,978-0-06029129-7,https://www.amazon.com/Adventures-Harold-Purple-Crayon/dp/006029129X
"Johnson, Phillip E.",Darwin on Trial,2010,978-0-83083831-8,https://www.amazon.com/Darwin-Trial-Phillip-Johnson/dp/0830838317
"Juhász, Magda",Egérkirály kalandjai,2022,,https://www.regikonyvek.hu/kiadas/egerkiraly-kalandjai-santos-kiado
"Jünger, Ernst and Berman, Russell A. and Friese, Thomas",The Forest Passage,2013,978-0-91438649-0,https://www.amazon.com/Forest-Passage-Ernst-J%C3%BCnger/dp/0914386492
"Keener, Craig S.",Miracles Today,2021,978-1-54096383-3,https://www.amazon.com/Miracles-Today-Supernatural-Modern-World/dp/1540963837
"Keller, Timothy",Gospel in Life Study Guide: Grace Changes Everything,2010,978-0-31032891-9,https://www.amazon.com/Gospel-Life-Study-Guide-Everything/dp/0310328918
"Keller, Timothy",Istennel a szenvedés kohójában,2016,978-963-288-349-6,https://www.harmat.hu/uzlet/istennel-szenvedes-kohojaban/
"Keller, Timothy",The Prodigal God: Recovering the Heart of the Christian Faith,2011,978-1-59448402-5,https://www.amazon.com/Prodigal-God-Recovering-Heart-Christian/dp/1594484023
"Keller, Timothy and Keller, Kathy",God's Wisdom for Navigating Life: A Year of Daily Devotions in the Book of Proverbs,2017,978-0-73522209-0,https://www.amazon.com/Gods-Wisdom-Navigating-Life-Devotions/dp/0735222096
"Keller, Timothy and Keller, Kathy",The Meaning of Marriage: Facing the Complexities of Commitment with the Wisdom of God,2013,978-1-59463187-0,https://www.amazon.com/Meaning-Marriage-Facing-Complexities-Commitment/dp/1594631875
"Keszeli, Ferenc",Kajla Fülöp kalandjai,1986,,https://www.library.sk/arl-ruz/en/detail-ruz_un_cat-c122931-Kajla-Fulop-kalandjai/
"Kormos, István","Mese Vackorról, egy pisze kölyökmackóról",2002,978-1-88784035-4,https://www.amazon.co.uk/Can-Read-Curriculum-Comprehensive-Phonics-Based/dp/1887840354
"Kracht, Michael",ABC's for Boys,2015,978-0-69256840-8,https://www.amazon.com/ABCs-Boys-Alphabet-Childrens-Toddler/dp/0692568409
Kristen A. Jenson,"Jó képek, rossz képek",2018,978-615-6394-02-6,https://bolt.ujember.hu/?product=jo-kepek-rossz-kepek-nagyoknak
Kristen A. Jenson,"Jó képek, rossz képek - Gyermektanácsadási útmutató",2021,978-615-6394-04-0,https://donboscokiado.hu/termek/jo-kepek-rossz-kepek-utmutato/
Kristen A. Jenson,"Jó képek, rossz képek - Kicsiknek",2022,978-615-6394-03-3,https://www.defendyoungminds.com/product/jo-kepek-rossz-kepek-kicsiknek
"L Stipkovits, Erika",Szeretettel sebezve : Szülőkről felnőtt gyerekeknek,2015,9789633042915,https://www.goodreads.com/book/show/29432959-szeretettel-sebezve
"Lach, Alma S.",Hows and whys of French cooking,1974,978-0-22646740-5,https://www.amazon.com/Hows-whys-French-cooking-Alma/dp/0226467406
"Lackfi, János","Mi leszek, ha nagy leszek ? - Verses ábécé",2019,9786155808203,https://www.mai-konyv.hu/mi-leszek-ha-nagy-leszek-verses-abece-lackfi-janos-35708
"LeSieg, Theo. and Mathieu, Joe",The Eye Book,2001,978-0-37581240-8,https://www.amazon.com/Book-Bright-Early-Board-Books/dp/0375812407
"Lebovitz, David",My Paris Kitchen: Recipes and Stories,2014,978-1-60774267-8,https://www.amazon.com/My-Paris-Kitchen-Recipes-Stories/dp/1607742675
"Lee, Harper",To Kill a Mockingbird,1988,,https://www.amazon.com/Kill-Mockingbird-Harper-Lee/dp/0446310786
Lev Nyikolajevics Tolsztoj,Háború és béke [E-KÖNYV],1963,978-615529259-0,https://mek.oszk.hu/10800/10873/
"Lewis, C. S.",A ló és kis gazdája,2018,978-963-288435-6,https://www.amazon.com/l%C3%B3-%C3%A9s-kis-gazd%C3%A1ja/dp/9632884353
"Lewis, C. S.",A varázsló unokaöccse,2013,978-963-288-130-0,https://www.amazon.com/varázsló-unokaöccse-Magicians-Nephew/dp/0007650140
"Lewis, C. S.","Az oroszlán, a boszorkány és a ruhásszekrény",2002,978-963-7342-39-7,https://www.amazon.com/dp/9632884345
"Lewis, C. S.",Surprised By Joy: The Shape of My Early Life,1955,,https://www.amazon.com/Surprised-Joy-Shape-Early-1955-First/dp/B084FJSCQS
"Lewis, C. S.",Surprised by Joy: The Shape of My Early Life,1955,978-0-15687011-5,https://www.amazon.com/Surprised-Joy-Shape-Early-Life/dp/0062565435
"Lewis, C. S.",The Four Loves,1960,0156329301,
"Lewis, C. S.",The Great Divorce,1952,,https://openlibrary.org/books/OL24240284M/The_great_divorce
"Lewis, C. S.",The horse and his boy,1995,978-0-43986136-6,https://www.amazon.com/horse-BOOK-Chronicles-Narnia-Horse/dp/0439861365
"Lewis, C. S. and Baynes, Pauline",Prince Caspian (Chronicles of Narnia #4),2002,978-0-06447105-3,https://www.amazon.com/Prince-Caspian-C-S-Lewis/dp/0064471055
"Lewis, C. S. and Baynes, Pauline",The Horse and His Boy (Chronicles of Narnia #3),2002,978-0-06447106-0,https://www.amazon.com/Horse-His-Boy-C-Lewis/dp/0064471063
"Lewis, C. S. and Baynes, Pauline",The Last Battle (Chronicles of Narnia #7),2002,978-0-06447108-4,https://www.amazon.com/The-Last-Battle-C-S-Lewis-audiobook/dp/B0009NS99M
"Lewis, C. S. and Baynes, Pauline","The Lion, the Witch, and the Wardrobe (Chronicles of Narnia #2)",2002,978-0-06447104-6,https://www.amazon.com/Lion-Witch-Wardrobe-C-Lewis/dp/0064471047
"Lewis, C. S. and Baynes, Pauline",The Magician's Nephew (Chronicles of Narnia #1),2002,978-0-06447110-7,https://www.amazon.com/Magicians-Nephew-C-S-Lewis/dp/0064471101
"Lewis, C. S. and Baynes, Pauline",The Silver Chair (Chronicles of Narnia #6),2002,978-0-06447109-1,https://www.amazon.com/The-Silver-Chair-C-S-Lewis-audiobook/dp/B0009NS98S
"Lewis, C. S. and Baynes, Pauline",The Voyage of the Dawn Treader (Chronicles of Narnia #5),2002,978-0-06447107-7,https://www.amazon.com/Voyage-Dawn-Treader-Chronicles-Narnia/dp/0064405028
"Lewis, C. S. and Norris, Kathleen",Mere Christianity,2001,978-0-06065292-0,https://www.amazon.com/Mere-Christianity-C-S-Lewis/dp/0060652926
"Lewis, Julia M.",The Unexpected Legacy of Divorce: The 25 Year Landmark Study,2001,978-0-78688616-6,https://www.amazon.com/Unexpected-Legacy-Divorce-Landmark-Study/dp/0786886161
"Linne, Shai and Mahoney, Trish",God Made Me AND You: Celebrating God's Design for Ethnic Diversity,2018,978-1-94813013-4,https://www.amazon.com/God-Made-You-Celebrating-Diversity/dp/1948130130
"Litfin, Bryan M.",Early Christian Martyr Stories: An Evangelical Introduction with New Translations,2014,978-0-80104958-3,https://www.amazon.com/Early-Christian-Martyr-Stories-Introduction/dp/080104958X
"Lloyd-Jones, Sally","Jézus meséskönyve, a Biblia",2021,9789633704240,https://archive.org/details/annapetiesgergon0000bart
"Lloyd-Jones, Sally and Jago",Known: Psalm 139 (Jesus Storybook Bible),2022,978-0-31077117-3,https://www.amazon.com/Known-Psalm-Jesus-Storybook-Bible/dp/031077117X
"Lloyd-Jones, Sally and Jago",The Jesus Storybook Bible: Every Story Whispers His Name,2007,978-0-31070825-4,https://www.amazon.com/Jesus-Storybook-Bible-Every-Whispers/dp/0310708257
"Ltd, Parragon Books and Lamont, Priscilla",Mother Goose Treasury: A Beautiful Collection of Favorite Nursery Rhymes,2016,978-1-47486646-0,https://www.amazon.com/Mother-Goose-Treasury-Parragon-Books/dp/1474866468
"Lucado, Max",Art of Life,2018,9789638703156,https://goodnews.hu/max-lucado-ertekes-vagy
"Luke, Barbara and Eberlein, Tamara and Newman, Roger","When You're Expecting Twins, Triplets, or Quads: Proven Guidelines for a Healthy Multiple Pregnancy",2017,978-0-06237948-1,https://www.amazon.com/Youre-Expecting-Twins-Triplets-Quads/dp/0062379488
"Lutzer, Erwin W. and Stetzer, Ed",The Church in Babylon: Heeding the Call to Be a Light in the Darkness,2018,978-0-80241308-6,https://www.amazon.com/Church-Babylon-Heeding-Light-Darkness/dp/0802413080
"MacDonald, George",A királykisasszony és Lóci,2016,9789632883199,https://www.libri.hu/konyv/george_macdonald.a-kiralykisasszony-es-loci--1.html
"MacDonald, George",A királykisasszony és a manó,2016,9789632883182,https://www.libri.hu/konyv/george_macdonald.a-kiralykisasszony-es-a-mano--1.html
"Machiavelli, Niccolo and Bull, George and Grafton, Anthony",The Prince (Penguin Classics),2003,978-0-14044915-0,https://www.amazon.com/Prince-Penguin-Classics-Niccolo-Machiavelli/dp/0140449159
"Mackesy, Charlie","The Boy, the Mole, the Fox and the Horse",2019,978-0-06297658-1,https://www.amazon.com/Boy-Mole-Fox-Horse/dp/0062976583
"Marcussen, A. Jan","National Sunday Law, a Shocking Glimpse Behing the Scenes, Forces Unite Amid Stupendous Crisis...",1983,978-0-89081792-6,https://www.amazon.com/National-Sunday-Shocking-Glimpse-Stupendous/dp/B000M7537G
"Martin, Jr., Bill and Carle, Eric","Brown Bear, Brown Bear, What Do You See?",1996,978-0-80504790-5,https://www.amazon.com/Brown-Bear-What-You-See/dp/0805047905
"Mason, Charlotte M.",Home Education (The Home Education Series),2017,978-0-64806335-3,https://www.amazon.com/Home-Education-1/dp/0648063356
"Mason, Charlotte M. and Taylor-Hough, Deborah",Habits: The Mother's Secret to Success (Charlotte Mason Topics),2015,978-1-50840165-0,https://www.amazon.com/Habits-Mothers-Secret-Success-Charlotte/dp/1508401659
"McBratney, Sam and Jeram, Anita",Guess How Much I Love You,2019,978-1-53621063-7,https://www.amazon.com/Guess-How-Much-Love-You/dp/1536210633
"McGrath, Alister","C. S. Lewis -- A Life: Eccentric Genius, Reluctant Prophet",2016,978-1-49641045-0,https://www.amazon.com/C-Lewis-Life-Eccentric-Reluctant/dp/1496410459
"McKeown, Greg",Essentialism: The Disciplined Pursuit of Less,2020,978-0-80413740-9,https://www.amazon.com/Essentialism-Disciplined-Pursuit-Greg-McKeown/dp/0804137404
"McRoberts, Justin and Erickson, Scott",May It Be So: Forty Days with the Lord's Prayer,2019,978-0-52565307-3,https://www.amazon.com/May-Be-So-Forty-Prayer/dp/0525653074
"McRoberts, Justin and Erickson, Scott",Prayer: Forty Days of Practice,2019,978-0-52565305-9,https://www.amazon.com/Prayer-Forty-Practice-Justin-McRoberts/dp/0525653058
"Meeker, Meg","Strong Mothers, Strong Sons: Lessons Mothers Need to Raise Extraordinary Men",2015,978-0-34551810-1,https://www.amazon.com/Strong-Mothers-Sons-Lessons-Extraordinary/dp/0345518101
"Mennen, Patricia",Cicák,2010,9789632441856,https://www.scolar.hu/cicak_1559
"Mennen, Patricia",Velünk élő állatok,2021,9789635093441,https://www.scolar.hu/velunk_elo_allatok
"Metaxas, Eric","Bonhoeffer: Pastor, Martyr, Prophet, Spy",2011,978-1-59555246-4,https://www.amazon.com/Bonhoeffer-Pastor-Martyr-Prophet-Spy/dp/1595552464
"Michael, Sally and Apps, Fred",God's Promise (Making Him Known),2012,978-1-59638432-3,https://www.amazon.com/Gods-Promise-Making-Him-Known/dp/1596384328
"Michaelson, Gerald A. and Michaelson, Steven W.",Sun Tzu - The Art of War for Managers: 50 Strategic Rules Updated for Today's Business,2010,978-1-60550030-0,https://www.amazon.com/Sun-Tzu-Managers-Strategic-Business/dp/1605500305
"Miller, C. John and Guest, John",Outgrowing the Ingrown Church,1986,978-0-31028411-6,https://www.amazon.com/Outgrowing-Ingrown-Church-John-Miller/dp/0310284112
"Mitchell, Alison and Echeverri, Catalina",The Christmas Promise Storybook: A True Story from the Bible about God's Forever King,2014,978-1-91030711-3,https://www.amazon.com/Christmas-Promise-Alison-Mitchell/dp/1910307114
"Mitchell, Stephen",Gilgamesh: A New English Version,2006,978-0-74326169-2,https://www.amazon.com/Gilgamesh-English-Version-Stephen-Mitchell/dp/0743261690
"Moreland, J. P. and Craig, William Lane",Philosophical Foundations for a Christian Worldview,2017,978-0-83085187-4,https://www.amazon.com/Philosophical-Foundations-Christian-Worldview-Moreland/dp/0830826947
"Morgan, Robert J.",Then Sings My Soul: 150 of the World's Greatest Hymn Stories,2003,978-0-78524939-9,https://www.amazon.com/Then-Sings-My-Soul-Greatest/dp/0785249397
"Möller, Anne",Állatsimogató,2015,9789632445472,https://www.scolar.hu/allatsimogato_1800
"Nichols, Lily",Real Food for Pregnancy: The Science and Wisdom of Optimal Prenatal Nutrition,2018,978-0-98629504-1,https://www.amazon.com/Real-Food-Pregnancy-Prenatal-Nutrition/dp/0986295043
"Olesen, Cecilie and Mazali, Gustavo",My First Handy Bible,2017,978-87-7247304-8,https://www.amazon.com/My-First-Handy-Bible-Timeless/dp/1590526082
"Ollivant, Alfred","Bob, Son of Battle",1898,,https://www.amazon.com/BOB-SON-BATTLE-First-1898/dp/B07MBVDC8Y
"Olson, C. Gordon",Beyond Calvinism and Arminianism: An Inductive Mediate Theology of Salvation,2018,978-0-96248507-7,https://www.amazon.com/Beyond-Calvinism-Arminianism-Inductive-Salvation/dp/0962485071
"Ortlund, Dane C.",Gentle and Lowly: The Heart of Christ for Sinners and Sufferers,2020,978-1-43356613-4,https://www.amazon.com/Gentle-Lowly-Christ-Sinners-Sufferers/dp/1433566133
"Orwell, George",1984,1983,978-0-45226293-5,https://www.amazon.com/1984-Signet-Classics-George-Orwell/dp/0451524934
"Packer, J. I.",Knowing man,1979,,https://www.amazon.com/Knowing-man-J-I-Packer/dp/B0006XDPCQ
"Parker, Brent E. and Lucas, Richard J.",Covenantal and Dispensational Theologies: Four Views on the Continuity of Scripture (Spectrum Multiview Book Series),2022,978-1-51400112-7,https://www.amazon.com/Covenantal-Dispensational-Theologies-Continuity-Scripture/dp/1514001128
Paul White,A buyufa alatt,2002,963-9209-89-9,https://www.amazon.com/buyufa-alatt-Paul-White/dp/9639209899
"Pavlovič, Jozef",Lenke ​kecske mesekönyve,1982,,https://rukkola.hu/konyvek/150310-lenke_kecske_mesekonyve
"Peet, Bill",Chester the Worldly Pig,1978,978-0-39527271-8,https://www.amazon.com/Chester-Worldly-Pig-Bill-Peet/dp/0395272718
"Peterson, James","Sauces: Classical and Contemporary Sauce Making, 2nd Edition",1998,978-0-47129275-3,https://www.amazon.com/Sauces-Classical-Contemporary-Sauce-Making/dp/0470194960
"Petőfi, Sándor",Anyám tyúkja,1977,9631107957,http://konyv-ujsag.zsibvasar.hu/ifjusagi-irodalom/petofi-sandor-anyam-tyukja-4953950
"PhD, Josh Starmer",The StatQuest Illustrated Guide To Machine Learning,2022,979-881158360-7,https://www.amazon.com/StatQuest-Illustrated-Guide-Machine-Learning/dp/B09ZCKR4H6
"Pineault, Nicolas",The Non-Tinfoil Guide to EMFs: How to Fix Our Stupid Use of Technology,2017,978-1-97610912-6,https://www.amazon.com/Non-Tinfoil-Guide-EMFs-Stupid-Technology/dp/1976109124
"Piper, John",Don't Waste Your Life,2018,978-1-43355550-3,https://www.amazon.com/Dont-Waste-Your-Life-Piper/dp/1581344988
"Pitch, Jenny Jones (Illustrator) Caroline",Just One More Swim,2055,978-1-43512923-8,https://www.amazon.com/Jenny-Jones-Illustrator-Caroline-Pitch/dp/1435129237
"Poe, Edgar Allan",The Collected Tales and Poems of Edgar Allan Poe (Modern Library),1992,978-0-67960007-7,https://www.amazon.com/Collected-Tales-Poems-Modern-Library/dp/0679600078
"Postman, Neil and Postman, Andrew",Amusing Ourselves to Death: Public Discourse in the Age of Show Business,2005,978-0-14303653-1,https://www.amazon.com/Amusing-Ourselves-Death-Discourse-Business/dp/014303653X
"Potter, Beatrix",Nyúl Péter és barátai - Beatrix Potter összes meséje,2021,9789634038313,https://www.libri.hu/konyv/beatrix_potter.nyul-peter-es-baratai-1.html
"Potter, Beatrix",The Great Big Treasury of Beatrix Potter,1992,978-0-51707246-2,https://www.amazon.com/Great-Big-Treasury-Beatrix-Potter/dp/0517072467
"Price, Mathew;Augarde, Steve",Kicsi ​Piros Autó és a hóesés,2000,9789639166509,https://www.amazon.com/Collection-Stories-Year-Olds/dp/1680524178
"Priddy, Roger","See, Touch, Feel: A First Sensory Book",2018,978-0-31252759-4,https://www.amazon.com/See-Touch-Feel-First-Sensory/dp/0312527594
"Pryor, Elizabeth Brown",Reading the Man: A Portrait of Robert E. Lee Through His Private Letters,2007,978-0-67003829-9,https://www.amazon.com/Reading-Man-Portrait-Through-Private/dp/0143113909
"Rawlinson, Joe",Dad's Guide to Raising Twins: How to Thrive as a Father of Twins,2015,978-1-50758499-6,https://www.amazon.com/Dads-Guide-Raising-Twins-Thrive/dp/1507584997
"Real, Terrence",I Don't Want to Talk About It: Overcoming the Secret Legacy of Male Depression,1998,,https://www.amazon.com/Dont-Want-Talk-About-Overcoming/dp/B017JP3CGC
"Reider, Katja",Jönnek a tűzoltók!,2013,9789632444154,https://www.scolar.hu/jonnek_a_tuzoltok_1745
Rev. Kevin Hale,What is Presbyterian?,2024,978-1-944964-90-0,https://www.pcabookstore.com/p-6276539-what-is-presbyterian-a-brief-explanation.aspx
"Rey, Margret and Rey, H. A.",Pretzel,2022,978-0-35865961-7,https://www.amazon.com/Pretzel-Margret-Rey/dp/0358659612
"Rhodes, Jonty",Covenants Made Simple: Understanding God's Unfolding Promises to His People,2014,978-1-59638975-5,https://www.amazon.com/Covenants-Made-Simple-Understanding-Unfolding/dp/1596389753
"Robert Bucknam, M. D. and Gary Ezzo, M. A.",On Becoming Babywise: Giving Your Infant the Gift of Nighttime Sleep - New Edition,2020,978-1-93274022-6,https://www.amazon.com/Becoming-Babywise-Giving-Infant-Nighttime/dp/1932740228
"Robertson, O. Palmer",The Christ of the Covenants,1987,978-0-87552418-4,https://www.amazon.com/Christ-Covenants-Palmer-Robertson/dp/0875524184
"Ryrie, Charles C.",Dispensationalism,2007,978-0-80242189-0,https://www.amazon.com/Dispensationalism-Charles-C-Ryrie/dp/080242189X
"Sach, Andrew and Gemmell, Jonathan",Are You 100% Sure You Want To Be an Agnostic?,2022,978-1-91496634-7,https://www.amazon.com/Are-100-Sure-Want-Agnostic/dp/1914966341
"Sattgast, L. J. and Cleyet-Merle, Laurence",The Rhyme Bible Storybook,2012,978-0-31072602-9,https://www.amazon.com/Rhyme-Bible-Storybook-L-Sattgast/dp/0310726026
"Schaeffer, Edith",Art of Life,1987,978-0-89107424-3,https://www.amazon.com/Art-Life-Edith-Schaeffer/dp/0891074244
"Schaeffer, Edith and Ducker, Deirdre",The Hidden Art of Homemaking,1985,978-0-84231398-8,https://www.amazon.com/Hidden-Art-Homemaking-Edith-Schaeffer/dp/0842313982
"Schaeffer, Edith and Ducker, Deirdre and Schaeffer, Francis A.",L'Abri (New Expanded Edition),1992,978-0-89107668-1,https://www.amazon.com/LAbri-New-Expanded-Edith-Schaeffer/dp/0891076689
"Schaeffer, Francis A.",True Spirituality,1971,978-0-84237350-0,https://www.amazon.com/True-Spirituality-Francis-Schaeffer/dp/0842373519
"Segarra, Mercé",Játékosan a Bibliáról - 43 bibliai történet - Szórakoztató feladatok és bibliai tanulságok gyermekeknek,2020,9789635580552,https://www.libri.hu/konyv/merce_segarra.jatekosan-a-bibliarol-1.html
"Sendak, Maurice",Where the Wild Things Are,2012,978-006025492,https://www.amazon.com/Where-Wild-Things-Maurice-Sendak/dp/0064431789
"Seuss, Dr.",Yertle the Turtle and Other Stories,1958,978-0-39480087-5,https://www.amazon.com/Yertle-Turtle-Other-Stories-Seuss/dp/0394800877
"Shakespeare, William",The Complete Works,1988,0-88029-254-7,https://search.worldcat.org/title/19648996
"Shenvi, Neil",Why Believe?: A Reasoned Approach to Christianity,2022,978-1-43357938-7,https://www.amazon.com/Why-Believe-Reasoned-Approach-Christianity/dp/1433579383
"Shields, Amy",National Geographic Little Kids First Big Book of Why,2011,978-1-42630793-5,https://www.amazon.com/National-Geographic-Little-First-Books/dp/1426307934
Shirley Hughes,All About Alfie,1994,9780688151867,https://www.thriftbooks.com/w/all-about-alfie_shirley-hughes/431659/#edition=2282316&idiq=9511634
"Sicks, Chris",Tangible: Making God Known Through Deeds of Mercy and Words of Truth,2013,978-1-61291441-1,https://www.amazon.com/Tangible-Making-Known-Through-Deeds/dp/1612914411
"Sider, Ronald J.",Rich Christians in an Age of Hunger: Moving from Affluence to Generosity,2015,978-0-71803704-8,https://www.amazon.com/Rich-Christians-Age-Hunger-Generosity/dp/0718037049
"Small, David",Imogene's Antlers: A Christmas Book for Kids,2020,978-0-59312576-2,https://www.amazon.com/Imogenes-Antlers-David-Small/dp/0593125762
"Smith, Adam",The Wealth of Nations: Books 1-3,1982,978-0-14043208-4,https://www.amazon.com/Wealth-Nations-Penguin-Classics-Bks-1-3/dp/0140432086
"Smith, Adam",Wealth of Nations (Great Minds Series),1991,978-0-87975705-2,https://www.amazon.com/Wealth-Nations-Great-Minds-Smith/dp/0879757051
"Smith, Hannah Whitall",The Christian's Secret of a Happy Life (Pure Gold Classics),1998,978-0882-70754-9,https://www.amazon.com/Christians-Secret-Happy-Life/dp/9389440432
"Solzhenitsyn, Aleksandr I.",The Gulag Archipelago Volume 1: An Experiment in Literary Investigation,2007,978-0-06125371-3,https://www.amazon.com/Gulag-Archipelago-Experiment-Literary-Investigation/dp/0061253715
"Solzhenitsyn, Aleksandr I.",The Gulag Archipelago [Volume 2]: An Experiment in Literary Investigation,2007,978-0-06125372-0,https://www.amazon.com/Gulag-Archipelago-Experiment-Literary-Investigation/dp/0061253723
"Solzhenitsyn, Aleksandr I.",The Gulag Archipelago [Volume 3]: An Experiment in Literary Investigation,2007,978-0-06125373-7,https://www.amazon.com/Gulag-Archipelago-Experiment-Literary-Investigation/dp/0061253731
"Sowell, Thomas",Basic Economics,2014,978-0-46506073-3,https://www.amazon.com/Basic-Economics-Thomas-Sowell/dp/0465060730
"Sproul, R. C.",The Holiness of God,1998,978-1-41433790-6,https://www.amazon.com/Holiness-God-R-C-Sproul/dp/1414326939
"Srinivasan, Divya",Little Owl's Snow,2020,978-0-59311534-3,https://www.amazon.com/Little-Owls-Snow-Divya-Srinivasan/dp/0593115341
"Starmer, Josh",The StatQuest Illustrated Guide To Machine Learning,2022,979-898692400-7,https://www.amazon.com/StatQuest-Illustrated-Guide-Machine-Learning/dp/B0BLM4TLPY
"Stevenson, Bryan",Just Mercy: A Story of Justice and Redemption,2019,978-0-59313393-4,https://www.amazon.com/Just-Mercy-Story-Justice-Redemption/dp/081298496X
"Stevenson, Robert Louis",A Child's Garden of Verses,1957,978-0-30702048-2,https://www.amazon.com/Childs-Garden-Verses-Robert-Stevenson/dp/0307020487
"Sulgit, Nicole; Taylor, Beth",Outdoor Science Experiments: More Than 20 Fun Experiments Kids Can Do With Materials From Around the House,2021,978-1-64558521-3,https://www.amazon.com/Brain-Games-STEM-Experiments-Recipient/dp/1645585212
"Sun-tzu and Minford, John",The Art of War: The Essential Translation of the Classic Book of Life (Penguin Classics),2009,978-0-14310575-6,https://www.amazon.com/Art-War-Essential-Translation-Classics/dp/0143105752
"Szabó, János (Csiga); Tóth, Lászlóné; Kelemen, Lajos Dr",A hatpöttyös katicabogár és más mesék,,9789630862813,9789635584598
"Szepes, Mária",Pöttyös Panni az óvodában,2005,963528683X,9789635584598
"Szepes, Mária",Pöttyös Panni és Kockás Peti naplója,2006,9635289022,9789635584598
"Szél, Dávid",Tabuk és dilemmák a gyermeknevelésben,2021,9789635650903,https://www.goodreads.com/book/show/60392852-tabuk-s-dilemm-k-a-gyermeknevel-sben
"Taleb, Nassim Nicholas",Fooled by Randomness: The Hidden Role of Chance in Life and in the Markets (Incerto),2005,978-0-81297521-5,https://www.amazon.com/Fooled-Randomness-Hidden-Markets-Incerto/dp/0812975219
"Tatai, István",Szentnek nevezik: avagy advent meccshangulatban,2021,978-615-5772-30-6,https://www.parakletos.hu/szentnek-nevezik-avagy-advent-meccshangulatban/
"Tolkien, J.R.R.",A gyűrűk ura I. A gyűrű szövetsége,2022,978-963-504-675-1,
"Tolkien, J.R.R.",A gyűrűk ura II. A két torony,2022,978-963-504-675-1,
"Tolkien, J.R.R.",A gyűrűk ura III. A király visszatér,2022,978-963-504-675-1,
"Tolkien, J.R.R.",A hobbit,2006,978-963-07-9552-4,
Tom Rath,Strengthsfinder 2.0,2007,,https://www.amazon.com/Strengthsfinder-2-0-Upgraded-Discover-Strengths/dp/B004YUAQSI
"Tower, Jeremiah and VanderPloeg, Libby",Table Manners: How to Behave in the Modern World and Why Bother,2016,978-0-37427234-0,https://www.amazon.com/Table-Manners-Behave-Modern-Bother/dp/0374272344
"Tozer, A. W. and Smith, Gerald B.",Mornings with Tozer: Daily Devotional Readings,2015,978-1-60066794-7,https://www.amazon.com/Mornings-Tozer-Daily-Devotional-Readings/dp/1600667945
"Tucker, Charlotte Maria",The Giant Killer,2017,978-1-52049094-6,https://www.amazon.com/Giant-Killer-Roby-Family/dp/1520490941
"Tyson, Jon and Kinnaman, David",The Intentional Father: A Practical Guide to Raise Sons of Courage and Character,2021,978-0-80101868-8,https://www.amazon.com/Intentional-Father-Practical-Courage-Character/dp/0801018684
U.S. Citizenship and Immigration Services,"The Citizen's Almanac: Fundamental Documents, Symbols, and Anthems of the United States",2007,978-0-16078003-5,https://www.amazon.com/Citizens-Almanac-Fundamental-Documents-Symbols/dp/0160780039
"Verne, Jules",A rejtelmes sziget I.,1980,978-963-11-2342-1,
"Verne, Jules",A rejtelmes sziget II.,1980,978-963-11-2344-8,
"Vischer, Phil and Foster, Michael",Laugh and Grow Bible for Kids: The Gospel in 52 Five-Minute Bible Stories,2020,978-1-54601745-5,https://www.amazon.com/Laugh-Grow-Bible-Kids-Five-Minute/dp/1546017453
Voice Of the Martyr,Hearts Of Fire: Eight Women In The Underground Church And Their Stories Of Costly Faith,2015,978-0-88264150-8,https://www.amazon.com/Hearts-Fire-Underground-Church-Stories/dp/0882641506
Voice of the Martyrs,"The Voices of the Martyrs, Graphic Novel Anthology: A.D. 34 - A.D. 203",2020,978-0-88264114-0,https://www.amazon.com/Voices-Martyrs-Graphic-Novel-Anthology/dp/088264114X
"Weinhold, Angela",Dinók,2012,9789632443287,https://www.scolar.hu/dinok_1214
"Wells, Katie",The Wellness Mama Cookbook: 200 Easy-to-Prepare Recipes and Time-Saving Advice for the Busy Cook,2016,978-0-45149691-1,https://www.amazon.com/Wellness-Mama-Cookbook-Easy-Prepare/dp/0451496914
"Wells, Katie",The Wellness Mama Cookbook: 200 Easy-to-Prepare Recipes and Time-Saving Advice for the Busy Cook,2016,978-0-45149691-1,https://www.amazon.com/Wellness-Mama-Cookbook-Easy-Prepare/dp/0451496914
"Weöres, Sándor",Bóbita,2000,9789631175561,https://mora.hu/konyv/bobita
"White, E. B. and Marcellino, Fred",The Trumpet of the Swan 50th Anniversary,2020,978-0-06440867-7,https://www.amazon.com/Trumpet-Swan-B-White/dp/0064408671
"Wiesel, Elie and Wiesel, Marion",Night,2006,978-0-37450001-6,https://www.amazon.com/Night-Elie-Wiesel/dp/0374500010
"Willard, Dallas",Renovation of the Heart: Putting On the Character of Christ,2002,978-1-57683296-7,https://www.amazon.com/Renovation-Heart-Character-Designed-Influence/dp/1576832961
"Willard, Dallas",The Divine Conspiracy: Rediscovering Our Hidden Life In God,1998,978-0-06069333-6,https://www.amazon.com/Divine-Conspiracy-Rediscovering-Hidden-Life/dp/0060693339
William Mouser and Barbara Mouser,Five Aspects of Man,2024,978-1-929656-33-2,https://www.fiveaspects.com/bible-studies/five-aspects-of-man
"Williamson, G. I.",Catechism for Young Children: An Introduction to the Shorter Catechism,1991,978-0-93468868-0,https://www.amazon.com/Catechism-Young-Children-Introduction-Shorter/dp/0934688680
"Wilson, Andrew and Wilkin, Jen",God of All Things: Rediscovering the Sacred in an Everyday World,2021,978-0-31010908-2,https://www.amazon.com/God-All-Things-Rediscovering-Everyday/dp/0310109086
"Wilson, Douglas",Future Men: Raising Boys to Fight Giants: Christian Parenting for Bringing up Boys to be Strong Men of Faith,2016,978-1-59128110-8,https://www.amazon.com/Future-Men-Raising-Fight-Giants/dp/1591281105
"Wilson, Douglas and Merkle, Rebekah",Ploductivity: A Practical Theology of Work & Wealth,2020,978-1-94764404-5,https://www.amazon.com/Ploductivity-Practical-Theology-Work-Wealth/dp/1947644041
"Wright, David F. and Ferguson, Sinclair B. and Packer, J. I.",New Dictionary of Theology,1988,978-0-83081400-8,https://www.amazon.com/New-Dictionary-Theology-David-Wright/dp/0830814000
"Wyss, Johann David",The Swiss Family Robinson (Union Square Kids Unabridged Classics),2006,978-1-40272602-6,https://www.amazon.com/Family-Robinson-Sterling-Unabridged-Classics/dp/1402726023
"Yancey, George A.",Beyond Racial Division: A Unifying Alternative to Colorblindness and Antiracism,2022,978-1-51400184-4,https://www.amazon.com/Beyond-Racial-Division-Alternative-Colorblindness/dp/1514001845
"Zondervan and Adeyemo, Tokunboh and Aboagye-Mensah, John R. Stott and Rubert K.",Africa Bible Commentary: A One-Volume Commentary Written by 70 African Scholars,2010,978-0-31029187-9,https://www.amazon.com/Africa-Bible-Commentary-One-Scholars/dp/0310291879
"Zumel, Nina and Mount, John","Practical Data Science with R, Second Edition",2019,978-1-61729587-4,https://www.amazon.com/Practical-Data-Science-Nina-Zumel/dp/1617295876
"Zámbori, Ildikó",Róbert nyuszi kalandjai,2012,9789631360882,https://www.vatera.hu/hofeherke-es-a-het-torpe-klasszikus-walt-disney-mesek-konyv-3210509558.html
"de Becker, Gavin",The Gift of Fear,1997,9780440508830,https://www.amazon.com/Gift-Fear-Survival-Signals-Violence/dp/B00ERK0HES
,Away We Go,2004,9780448437170,https://www.amazon.com/Dick-Jane-Reading-Collection-Volumes/dp/0448437104
,Fun With Dick and Jane,2004,9780448437224,https://www.amazon.com/Dick-Jane-Reading-Collection-Volumes/dp/0448437104
,"Go, Go, Go",2004,9780448437163,https://www.amazon.com/Dick-Jane-Reading-Collection-Volumes/dp/0448437104
,"Gp Away, Spot",2004,9780448437156,https://www.amazon.com/Dick-Jane-Reading-Collection-Volumes/dp/0448437104
,Guess Who,2004,9780448437149,https://www.amazon.com/Dick-Jane-Reading-Collection-Volumes/dp/0448437104
,Icinke-picinke - Népmesék óvodásoknak,1972,,https://mek.oszk.hu/00200/00236/html/
,Jump and Run,2004,9780448437132,https://www.amazon.com/Dick-Jane-Reading-Collection-Volumes/dp/0448437104
,Mai is tanultam valamit,2022,9789631230123,https://www.libri.hu/konyv/stockert_gabor.ma-is-tanultam-valamit.html
,Mai is tanultam valamit 2,2022,9786158059107,https://www.libri.hu/konyv/grafl_janos.ma-is-tanultam-valamit-2.html
,Mai is tanultam valamit 3,2022,978-615-80591-3-8,https://www.libri.hu/konyv/stockert_gabor.ma-is-tanultam-valamit-3.html
,Something Funny,2004,9780448437125,https://www.amazon.com/Dick-Jane-Reading-Collection-Volumes/dp/0448437104
,We Look,2004,9780448437118,https://www.amazon.com/Dick-Jane-Reading-Collection-Volumes/dp/0448437104
,We Play,2004,9780448437217,https://www.amazon.com/Dick-Jane-Reading-Collection-Volumes/dp/0448437104
,We See,2004,9780448437194,https://www.amazon.com/Dick-Jane-Reading-Collection-Volumes/dp/0448437104
,We Work,2004,9780448437200,https://www.amazon.com/Dick-Jane-Reading-Collection-Volumes/dp/0448437104
,Who Can Help?,2004,9780448437187,https://www.amazon.com/Dick-Jane-Reading-Collection-Volumes/dp/0448437104
